고객ID,나이,멤버십등급,월평균구매금액,구매횟수,리뷰점수,이탈여부,멤버십등급_Encoder,거주지역_경기,거주지역_기타,거주지역_대구,거주지역_부산,거주지역_서울,성별_남,성별_여,가입경로_광고,가입경로_앱,가입경로_웹,가입경로_지인추천,쿠폰사용여부_N,쿠폰사용여부_Y,Buy
C0001,22.0,실버,-0.3293519025045145,-0.18359232912438098,3.3,1,3,0,0,1,0,0,1,0,0,1,0,0,1,0,-0.2988041578932046
C0002,58.0,VIP,0.7835211629589496,2.2732393258247563,4.7,0,0,0,0,0,1,0,0,1,0,0,1,0,0,1,-0.24467912889583002
C0003,52.0,브론즈,-0.6319595243203666,-1.0769856581967945,3.3,0,2,0,1,0,0,0,0,1,0,1,0,0,0,1,-0.23776923245130138
C0004,40.0,실버,-0.24594648889715365,-1.0769856581967945,3.8,0,3,1,0,0,0,0,0,1,0,1,0,0,1,0,0.43963417140416744
C0005,40.0,골드,0.0968270290894046,-0.18359232912438098,4.9,0,1,1,0,0,0,0,1,0,0,0,1,0,1,0,0.021719872297372416
C0006,62.0,실버,-0.19502314280905372,-0.853637325928691,3.2,0,3,0,0,0,1,0,1,0,0,1,0,0,1,0,0.21103395129368246
C0007,22.0,골드,0.09067600106651336,0.039756003143722386,4.1,1,1,1,0,0,0,0,0,1,1,0,0,0,0,1,-0.077900279732567
C0008,54.0,실버,-0.24419824171421095,-0.18359232912438098,3.8,0,3,0,0,0,1,0,1,0,0,1,0,0,0,1,-0.2347611174737498
C0009,28.0,브론즈,-0.5227466505098447,-1.3003339904648978,3.0,1,2,1,0,0,0,0,1,0,0,0,0,1,1,0,0.3022573189672487
C0010,22.0,골드,0.08006645051424265,0.4864526676799291,4.1,0,1,0,0,0,0,1,1,0,0,0,1,0,1,0,-0.2164774535080745
C0011,45.0,브론즈,-0.4412551630213262,-1.3003339904648978,3.7366315789473683,1,2,0,0,0,0,1,0,1,0,0,1,0,1,0,0.5167679932613641
C0012,68.0,브론즈,-0.4691305509136651,-1.0769856581967945,3.9,0,2,0,0,0,1,0,0,1,0,0,1,0,0,1,0.04797474692250573
C0013,56.0,실버,-0.22360236133802647,0.4864526676799291,3.4,1,3,0,0,0,0,1,0,1,0,0,1,0,1,0,-0.376347407045739
C0014,57.0,골드,0.11440760140734893,0.9331493322161358,4.9,1,1,0,0,0,0,1,0,1,1,0,0,0,1,0,-0.2891415560411735
C0015,55.0,골드,6.829978126329642,0.7098009999480325,4.1,0,1,1,0,0,0,0,0,1,0,1,0,0,1,0,2.9661869624453185
C0016,58.0,브론즈,-0.5227132224875259,-1.0769856581967945,3.7,0,2,0,0,0,0,1,1,0,0,1,0,0,0,1,-0.046055974273238286
C0017,44.0,브론즈,-0.5307200763672552,-1.0769856581967945,3.3,1,2,1,0,0,0,0,0,1,0,0,1,0,1,0,-0.0601069766347398
C0018,24.0,VIP,0.6927476318555706,2.049890993556653,4.5,0,0,0,0,1,0,0,1,0,0,0,0,1,0,1,-0.24348550076533634
C0019,61.0,브론즈,-0.30436793107820104,-0.6302889936605877,3.1,0,2,0,0,0,0,1,1,0,0,1,0,0,1,0,-0.09487620180358672
C0020,43.19565217391305,브론즈,-0.6475137598859756,-1.3003339904648978,3.3,1,2,0,0,0,1,0,0,1,0,0,1,0,1,0,-0.026168110324029433
C0021,44.0,브론즈,-0.4090796340162593,-0.853637325928691,3.4,0,2,0,0,0,1,0,0,1,1,0,0,0,1,0,-0.07069732936529095
C0022,37.0,실버,-0.4275002625290246,-1.0769856581967945,3.4,0,3,1,0,0,0,0,1,0,0,0,0,1,1,0,0.12103056749686047
C0023,27.0,골드,0.18759513490372443,0.7098009999480325,4.0,1,1,0,0,0,0,1,1,0,1,0,0,0,1,0,-0.21286690021909033
C0024,66.0,골드,0.34101478785295947,1.156497664484239,3.9,1,1,0,0,1,0,0,0,1,0,0,1,0,1,0,-0.2322736547339735
C0025,58.0,골드,4.496122507612891,0.4864526676799291,5.0,0,1,0,0,0,0,1,1,0,0,0,1,0,1,0,2.108406265573159
C0026,51.0,브론즈,-0.4767871626134663,0.039756003143722386,3.3,1,2,1,0,0,0,0,1,0,0,1,0,0,1,0,-0.45133470101250367
C0027,38.0,브론즈,-0.5593916732917323,-1.3003339904648978,3.9,1,2,0,1,0,0,0,0,1,1,0,0,0,0,1,0.20579634140105255
C0028,60.0,실버,-0.21008178340637568,-0.18359232912438098,3.6,0,3,0,1,0,0,0,1,0,0,1,0,0,1,0,-0.20910254098861378
C0029,46.0,브론즈,-0.5245468976168316,-0.853637325928691,3.4,0,2,0,0,0,1,0,0,1,0,0,0,1,1,0,-0.22267001594402638
C0030,41.0,브론즈,-0.5848741073883248,-0.853637325928691,2.8,1,2,1,0,0,0,0,0,1,0,0,1,0,1,0,-0.3020699069337988
C0031,41.0,브론즈,-0.5288193864603224,-0.853637325928691,3.1,0,2,0,0,1,0,0,0,1,0,0,1,0,1,0,-0.22829326869702363
C0032,29.0,브론즈,-0.4736509878041442,-0.853637325928691,3.4,0,2,0,0,1,0,0,1,0,0,0,0,1,1,0,-0.1556831669539998
C0033,22.0,실버,-0.3002780972760595,0.26310433541182576,4.3,0,3,1,0,0,0,0,1,0,0,0,1,0,0,1,-0.3804759769248966
C0034,46.0,골드,0.07194310120519212,1.3798459967523424,4.2,0,1,0,0,1,0,0,1,0,1,0,0,0,1,0,-0.3699267879688615
C0035,64.0,브론즈,-0.649760828770301,-0.853637325928691,3.9,1,2,0,0,0,0,1,0,1,0,0,1,0,0,1,-0.3874708168039443
C0036,21.0,실버,-0.16944159029128875,0.26310433541182576,4.0,0,3,0,0,0,0,1,1,0,0,0,1,0,0,1,-0.30394220988697496
C0037,62.0,골드,0.22466169452580215,0.4864526676799291,4.8,0,1,1,0,0,0,0,1,0,0,1,0,0,1,0,-0.14035361714538233
C0038,61.0,골드,0.18922076217387052,1.156497664484239,4.1,0,1,0,0,0,0,1,1,0,0,0,1,0,0,1,-0.29374574559655925
C0039,32.0,골드,0.2721004614514714,0.26310433541182576,5.0,0,1,0,0,0,0,1,0,1,0,1,0,0,1,0,-0.04565897301135435
C0040,50.0,실버,-0.20366161137565583,0.26310433541182576,3.5,1,3,0,0,0,1,0,1,0,0,1,0,0,1,0,-0.32395946028642625
C0041,26.0,골드,0.2073388515945755,1.6031943290204458,3.8,0,1,0,1,0,0,0,0,1,0,1,0,0,0,1,-0.34726846740939227
C0042,57.0,브론즈,-0.4617354270711621,-0.853637325928691,2.8,1,2,0,0,1,0,0,1,0,0,0,1,0,1,0,-0.14000045550647228
C0043,54.0,브론즈,-0.5064093396027356,-1.5236823227330012,4.2,0,2,0,0,0,1,0,1,0,0,0,1,0,0,1,1.4333828446910424
C0044,36.0,브론즈,-0.5560440300598962,-1.0769856581967945,3.6,1,2,0,1,0,0,0,1,0,0,0,1,0,1,0,-0.10454726972397596
C0045,21.0,실버,0.03658848468822824,0.26310433541182576,3.6,0,3,0,0,0,0,1,0,1,0,1,0,0,1,0,-0.18342341796353046
C0046,68.0,브론즈,-0.5471323700215189,-0.6302889936605877,3.8,0,2,1,0,0,0,0,1,0,0,1,0,0,1,0,-0.35048848768657914
C0047,41.0,브론즈,-0.571304067725307,-0.853637325928691,3.6,1,2,1,0,0,0,0,1,0,0,1,0,0,1,0,-0.2842096466291752
C0048,64.0,골드,0.2120843285731399,1.156497664484239,4.9,0,1,0,0,0,0,1,0,1,0,0,0,1,1,0,-0.28448667742934436
C0049,53.0,브론즈,-0.46760901567924196,-0.6302889936605877,2.7,0,2,0,0,0,1,0,0,1,1,0,0,0,1,0,-0.2667565108246026
C0050,58.0,브론즈,6.941301754927848,-0.4069406613924843,3.2,0,2,1,0,0,0,0,0,1,0,1,0,0,1,0,6.15473757005425
C0051,57.0,브론즈,-0.3692141565076147,-0.4069406613924843,3.1,0,2,1,0,0,0,0,0,1,0,0,1,0,1,0,-0.25977166655292916
C0052,28.0,실버,-0.224232919767628,0.4864526676799291,2.9,0,3,0,0,0,0,1,1,0,0,1,0,0,1,0,-0.37667937181429156
C0053,43.19565217391305,브론즈,-0.6215908916237944,-0.6302889936605877,3.7,1,2,0,0,0,0,1,0,1,0,1,0,0,0,1,-0.4288875851535259
C0054,42.0,브론즈,-0.36174481946014503,-0.4069406613924843,3.2,1,2,0,1,0,0,0,1,0,0,1,0,0,1,0,-0.2532178019470975
C0055,43.0,브론즈,-0.4253707599368247,-1.0769856581967945,3.6,0,2,0,0,0,0,1,0,1,0,1,0,0,0,1,0.12476757161873868
C0056,20.0,골드,0.020164035242464518,0.4864526676799291,5.0,1,1,0,0,0,0,1,0,1,0,0,1,0,1,0,-0.24801377193300356
C0057,46.0,VIP,0.8817235040366393,2.4965876580928597,4.4,0,0,0,0,0,0,1,0,1,1,0,0,0,0,1,-0.24368869995062684
C0058,26.0,실버,-0.1391519505538964,-0.18359232912438098,3.5,0,3,1,0,0,0,0,0,1,0,1,0,0,0,1,-0.1557570698701981
C0059,56.0,실버,-0.21474188812304998,0.26310433541182576,3.7,0,3,0,0,1,0,0,0,1,0,0,1,0,1,0,-0.3304409488162253
C0060,53.0,골드,0.34272501023992286,0.7098009999480325,4.5,0,1,1,0,0,0,0,0,1,0,0,0,1,1,0,-0.1386215232152687
C0061,65.0,VIP,0.6989177916702884,1.6031943290204458,4.3,0,0,0,0,0,0,1,0,1,1,0,0,0,1,0,-0.1747368600734569
C0062,56.0,실버,-0.2167629454018922,-0.18359232912438098,3.4,1,3,0,0,0,0,1,1,0,0,0,1,0,1,0,-0.2141273622794033
C0063,37.0,골드,0.08843765340300716,1.3798459967523424,4.5,1,1,0,0,0,1,0,1,0,0,1,0,0,1,0,-0.3637241111649433
C0064,68.0,VIP,0.7466622460058675,2.049890993556653,4.7,0,0,0,0,1,0,0,1,0,0,0,1,0,0,1,-0.22678904702286387
C0065,39.0,골드,0.21689695106251267,0.039756003143722386,3.3,0,1,0,0,1,0,0,0,1,0,1,0,0,0,1,0.005162816573965594
C0066,34.0,실버,-0.21193110648419705,-0.18359232912438098,3.2,0,3,0,0,1,0,0,1,0,1,0,0,0,1,0,-0.21049339455289215
C0067,65.0,브론즈,-0.5853271707622472,0.039756003143722386,3.9,0,2,0,0,0,1,0,1,0,0,1,0,0,0,1,-0.5227623772442209
C0068,43.19565217391305,브론즈,-0.4813853381463874,-0.853637325928691,3.5,0,2,0,0,0,0,1,1,0,0,0,1,0,1,0,-0.16586276213794623
C0069,21.0,실버,-0.2214764262350484,-1.0769856581967945,3.4,0,3,1,0,0,0,0,0,1,0,1,0,0,0,1,0.48257599517365024
C0070,42.0,실버,6.72641761673792,0.7098009999480325,3.6,1,3,1,0,0,0,0,0,1,0,0,1,0,0,1,2.916622756577932
C0071,59.0,실버,-0.3798907014529063,0.039756003143722386,3.7,1,3,1,0,0,0,0,0,1,1,0,0,0,0,1,-0.38756937453225687
C0072,27.0,실버,-0.1497328358594836,-0.18359232912438098,4.0,1,3,0,0,0,1,0,1,0,0,0,1,0,0,1,-0.16371482599025555
C0073,42.0,실버,-0.5075785991539873,-0.4069406613924843,3.2,0,3,1,0,0,0,0,1,0,0,0,1,0,0,1,-0.3811775982444024
C0074,24.0,골드,0.1862547697456721,1.156497664484239,3.8,0,1,0,0,0,1,0,1,0,1,0,0,0,1,0,-0.2949468848062764
C0075,43.19565217391305,브론즈,-0.5500850477146592,-1.0769856581967945,3.4,0,2,0,0,0,1,0,1,0,1,0,0,0,0,1,-0.09409001944030985
C0076,42.0,브론즈,-0.3482466874633664,-0.4069406613924843,3.3,0,2,1,0,0,0,0,1,0,0,1,0,0,1,0,-0.24137405611312143
C0077,35.0,골드,0.1072880812867992,0.9331493322161358,4.3,0,1,0,1,0,0,0,0,1,0,0,1,0,1,0,-0.2922650173759639
C0078,29.0,골드,0.23756080260763648,0.7098009999480325,3.6,1,1,0,0,1,0,0,0,1,0,0,1,0,1,0,-0.18895326122540904
C0079,47.0,VIP,0.6360711376741259,1.8265426612885494,4.6,0,0,0,0,0,1,0,0,1,0,0,1,0,1,0,-0.23092343228936837
C0080,52.0,골드,0.17589778831875694,0.7098009999480325,4.5,0,1,1,0,0,0,0,1,0,0,1,0,0,1,0,-0.21846526678299757
C0081,66.0,골드,0.24630088293381772,1.156497664484239,3.7366315789473683,1,1,1,0,0,0,0,1,0,0,1,0,0,0,1,-0.2706299849195156
C0082,40.0,브론즈,-0.5483306049624681,-1.3003339904648978,3.4,1,2,1,0,0,0,0,0,1,1,0,0,0,0,1,0.23491247731718803
C0083,26.0,실버,-0.1009885451263472,-0.853637325928691,3.7,0,3,0,0,0,0,1,1,0,1,0,0,0,1,0,0.33479795154423153
C0084,61.0,브론즈,-0.6083446465556971,-0.6302889936605877,3.0,0,2,1,0,0,0,0,1,0,0,0,0,1,1,0,-0.414940307718822
C0085,50.0,실버,-0.180303617987142,0.039756003143722386,3.7,1,3,0,1,0,0,0,1,0,1,0,0,0,0,1,-0.2562257177464206
C0086,54.0,VIP,0.7851682124748708,2.049890993556653,3.7366315789473683,0,0,0,0,1,0,0,0,1,0,0,0,1,1,0,-0.2148643936039102
C0087,23.0,브론즈,-0.42148818788733616,-0.6302889936605877,3.3,1,2,0,0,0,0,1,0,1,0,0,0,1,1,0,-0.21819482580179142
C0088,34.0,실버,0.0029503253523900093,-0.4069406613924843,3.3,1,3,1,0,0,0,0,0,1,0,0,0,1,1,0,0.06677881707215516
C0089,57.0,브론즈,-0.5823276066648312,-0.4069406613924843,3.1,1,2,0,0,0,0,1,0,1,0,0,1,0,1,0,-0.4467650622365817
C0090,61.0,브론즈,-0.6518970069480245,-0.853637325928691,3.4,1,2,0,0,0,0,1,0,1,0,0,1,0,1,0,-0.39028235599311684
C0091,40.0,브론즈,-0.6084166476768392,-1.0769856581967945,3.2,1,2,0,1,0,0,0,0,1,0,1,0,0,1,0,-0.19645450131174289
C0092,59.0,브론즈,-0.42144241827012985,-1.0769856581967945,3.5,0,2,1,0,0,0,0,0,1,0,0,1,0,1,0,0.13166130776837107
C0093,61.0,VIP,0.7371792315700834,2.719935990360963,4.7,0,0,1,0,0,0,0,1,0,0,1,0,0,0,1,-0.306695693177075
C0094,38.0,실버,7.9789101457184595,-0.853637325928691,4.1,1,3,0,0,1,0,0,0,1,0,1,0,0,0,1,10.969187933966978
C0095,64.0,골드,0.0361617949309688,0.9331493322161358,4.7,0,1,0,0,0,0,1,1,0,0,0,1,0,1,0,-0.32346939654169204
C0096,32.0,실버,-0.12694107096160231,-0.853637325928691,4.1,0,3,0,0,0,0,1,0,1,0,0,1,0,1,0,0.30064043406524094
C0097,30.0,브론즈,-0.6344462418746698,-0.853637325928691,2.9,1,2,0,0,1,0,0,0,1,0,1,0,0,1,0,-0.36731446389665134
C0098,53.0,브론즈,-0.36511583945288073,-1.0769856581967945,2.9,1,2,0,0,1,0,0,0,1,0,0,0,1,1,0,0.2305072345037339
C0099,43.19565217391305,골드,0.48590884396445766,-0.18359232912438098,4.1,0,1,0,1,0,0,0,0,1,1,0,0,0,0,1,0.31434360879039297
C0100,25.0,브론즈,-0.4546606686921485,-0.6302889936605877,3.1,1,2,0,0,1,0,0,0,1,0,1,0,0,1,0,-0.25312289716115377
C0101,61.0,VIP,0.7468043538004914,1.6031943290204458,4.0,0,0,1,0,0,0,0,0,1,0,1,0,0,0,1,-0.15792990424080153
C0102,28.0,브론즈,-0.5517546763424559,-1.5236823227330012,3.1,0,2,0,0,0,1,0,0,1,0,1,0,0,1,0,1.1946570817946025
C0103,59.0,실버,-0.41812681105608035,0.26310433541182576,3.5,1,3,0,1,0,0,0,0,1,0,0,0,1,1,0,-0.44941243979766854
C0104,18.0,골드,0.09494373399719364,1.3798459967523424,3.8,0,1,0,0,1,0,0,1,0,0,0,0,1,0,1,-0.3612775388238446
C0105,59.0,브론즈,-0.6195530106588342,-0.18359232912438098,3.2,1,2,0,1,0,0,0,0,1,0,1,0,0,0,1,-0.5170609084170057
C0106,58.0,브론즈,-0.6595640170284592,-0.6302889936605877,3.8,1,2,0,0,0,1,0,0,1,0,0,0,1,1,0,-0.46887036611212507
C0107,58.0,VIP,0.8755290349481415,1.8265426612885494,3.7366315789473683,0,0,0,0,0,1,0,1,0,0,1,0,0,0,1,-0.1521325723597696
C0108,52.0,브론즈,-0.46523529872703634,-0.18359232912438098,4.3,0,2,0,0,0,0,1,0,1,0,1,0,0,0,1,-0.4010004199898154
C0109,42.0,실버,-0.17068871725789841,0.4864526676799291,3.8,0,3,0,0,1,0,0,0,1,1,0,0,0,1,0,-0.34849040793871866
C0110,43.19565217391305,실버,-0.24850642857021432,0.26310433541182576,3.6,0,3,1,0,0,0,0,0,1,0,1,0,0,1,0,-0.3501917625017859
C0111,43.19565217391305,브론즈,-0.5155989806435299,-1.3003339904648978,3.7366315789473683,0,2,0,0,1,0,0,0,1,0,1,0,0,1,0,0.3210721857700043
C0112,58.0,골드,0.2720304287272156,0.7098009999480325,4.2,0,1,0,0,1,0,0,1,0,0,0,1,0,0,1,-0.1724560495768946
C0113,46.0,골드,0.15939153397068545,0.9331493322161358,4.3,0,1,0,1,0,0,0,0,1,0,0,1,0,1,0,-0.26940629696902835
C0114,41.0,브론즈,-0.4361027863671061,-1.5236823227330012,4.1,0,2,0,1,0,0,0,1,0,1,0,0,0,0,1,1.8035198149848994
C0115,44.0,골드,0.14089869039283248,0.9331493322161358,3.8,0,1,0,0,0,0,1,0,1,1,0,0,0,0,1,-0.27751943955556696
C0116,43.19565217391305,브론즈,-0.5347262242211328,0.26310433541182576,3.6,1,2,0,0,1,0,0,0,1,0,1,0,0,0,1,-0.5176181151828362
C0117,19.0,브론즈,-0.655034179708657,-0.6302889936605877,3.4,1,2,0,0,1,0,0,1,0,0,1,0,0,0,1,-0.46410079575399243
C0118,25.0,실버,-0.4370567655728668,0.4864526676799291,3.1,0,3,1,0,0,0,0,1,0,0,0,0,1,0,1,-0.48872294366829844
C0119,30.0,VIP,0.651364627001375,1.8265426612885494,4.8,0,0,0,0,0,0,1,1,0,0,1,0,0,0,1,-0.22589128597414698
C0120,23.0,브론즈,-0.48968259107482287,-0.853637325928691,3.8,0,2,0,0,0,0,1,1,0,1,0,0,0,0,1,-0.17678322374271382
C0121,40.0,브론즈,-0.6413867153000329,-0.6302889936605877,3.0,1,2,0,0,0,1,0,1,0,0,0,1,0,1,0,-0.4497310652070498
C0122,52.0,실버,-0.21748515722214304,-0.6302889936605877,3.7,0,3,1,0,0,0,0,1,0,0,1,0,0,1,0,-0.003395322125046178
C0123,52.0,골드,0.16911885392176743,0.26310433541182576,3.4,0,1,0,1,0,0,0,1,0,0,0,0,1,0,1,-0.1058988138746269
C0124,42.0,브론즈,-0.7396747001152247,-0.18359232912438098,2.8,1,2,1,0,0,0,0,1,0,0,1,0,0,0,1,-0.6074029811090209
C0125,62.0,브론즈,-0.599466615966226,-0.18359232912438098,3.7,1,2,0,1,0,0,0,0,1,0,0,1,0,1,0,-0.5019541734247467
C0126,47.0,골드,0.20906229142967375,0.26310433541182576,3.9,1,1,1,0,0,0,0,1,0,0,0,1,0,1,0,-0.08253360938105446
C0127,22.0,브론즈,-0.45233220670199803,-0.4069406613924843,2.9,1,2,0,0,0,1,0,1,0,0,0,1,0,1,0,-0.3327024291912614
C0128,57.0,브론즈,-0.6264205392243846,-0.853637325928691,3.4,0,2,0,0,0,0,1,1,0,0,1,0,0,0,1,-0.35675140424309343
C0129,47.0,브론즈,-0.4781630516338411,-0.6302889936605877,3.1,1,2,0,0,1,0,0,0,1,0,0,1,0,1,0,-0.2778690990907789
C0130,51.0,실버,-0.09806747507328557,0.039756003143722386,3.5,0,3,0,0,0,1,0,1,0,1,0,0,0,0,1,-0.20210800861059217
C0131,47.0,실버,-0.1257879272484118,0.26310433541182576,4.0,0,3,0,1,0,0,0,0,1,1,0,0,0,0,1,-0.27840668196230817
C0132,43.19565217391305,골드,0.15227892970451984,0.7098009999480325,3.6,0,1,0,0,0,1,0,1,0,0,0,1,0,1,0,-0.2297692858084342
C0133,22.0,실버,-0.26646672161176305,0.4864526676799291,3.3,0,3,0,0,0,0,1,1,0,0,1,0,0,1,0,-0.3989138446182538
C0134,43.19565217391305,실버,-0.2846997990096741,0.039756003143722386,3.8,1,3,1,0,0,0,0,1,0,0,0,0,1,1,0,-0.32492643691058193
C0135,59.0,VIP,0.7337778601272097,2.049890993556653,4.9,0,0,0,0,0,0,1,1,0,1,0,0,0,1,0,-0.23077912570957168
C0136,33.0,실버,-0.19154491944657626,-0.6302889936605877,4.2,1,3,0,0,0,0,1,0,1,0,1,0,0,0,1,0.023917753476233088
C0137,49.0,실버,-0.14247312254084477,0.7098009999480325,3.4,0,3,0,0,1,0,0,1,0,0,0,1,0,0,1,-0.3708380334895635
C0138,19.0,VIP,0.6958191423061939,2.049890993556653,4.9,0,0,0,0,1,0,0,1,0,0,0,1,0,1,0,-0.24253430538043777
C0139,36.0,브론즈,-0.40355359901612126,-0.6302889936605877,3.0,0,2,0,0,0,1,0,0,1,0,1,0,0,1,0,-0.1993110828710021
C0140,40.0,골드,0.17373338433801144,0.039756003143722386,4.8,0,1,0,0,0,1,0,0,1,0,0,1,0,0,1,-0.02324213125667844
C0141,43.19565217391305,골드,0.2517077273639235,0.26310433541182576,3.6,1,1,0,0,1,0,0,0,1,0,1,0,0,1,0,-0.05758785124183427
C0142,43.19565217391305,브론즈,-0.39767144463145093,-0.4069406613924843,3.7366315789473683,0,2,0,0,0,1,0,0,1,0,0,0,1,0,1,-0.2847411132692139
C0143,32.0,실버,-0.3044937249416227,0.039756003143722386,3.4,1,3,0,0,0,0,1,0,1,0,0,0,1,0,1,-0.33795236308228266
C0144,39.0,브론즈,-0.7003693621906302,-1.5236823227330012,4.1,1,2,0,0,0,0,1,1,0,0,0,0,1,1,0,0.4122579023516806
C0145,69.0,브론즈,-0.3216660858416948,-0.4069406613924843,3.5,1,2,0,0,1,0,0,0,1,0,0,1,0,0,1,-0.21805128153984113
C0146,62.0,실버,-0.18458981391401721,-0.4069406613924843,3.3,1,3,0,0,0,1,0,1,0,0,1,0,0,1,0,-0.09777563710490364
C0147,19.0,브론즈,-0.6897868767335029,-0.18359232912438098,3.1,1,2,0,0,0,0,1,1,0,0,0,0,1,1,0,-0.5698829513226087
C0148,30.0,골드,0.08239046941660416,0.7098009999480325,4.4,1,1,1,0,0,0,0,0,1,0,0,0,1,0,1,-0.2632180014155827
C0149,60.0,VIP,0.7681331445024683,1.8265426612885494,4.9,0,0,0,0,1,0,0,0,1,0,0,1,0,0,1,-0.1874699517381435
C0150,21.0,골드,0.1314444853537198,1.156497664484239,4.1,0,1,0,0,0,0,1,0,1,1,0,0,0,0,1,-0.317143428888119
C0151,62.0,브론즈,-0.5539242812660835,-1.3003339904648978,3.3,1,2,1,0,0,0,0,1,0,0,1,0,0,1,0,0.22018819981715332
C0152,32.0,브론즈,-0.33777977980093066,-1.3003339904648978,3.6,1,2,0,0,0,1,0,0,1,1,0,0,0,1,0,0.7891470467247871
C0153,65.0,브론즈,-0.6143997272343347,-0.853637325928691,3.4,1,2,0,0,1,0,0,1,0,0,1,0,0,1,0,-0.340930165945586
C0154,33.0,브론즈,-0.586249964972857,-0.4069406613924843,2.8,1,2,0,0,0,0,1,0,1,0,1,0,0,0,1,-0.4502066802975939
C0155,40.0,VIP,0.704803321218027,1.156497664484239,4.2,0,0,0,0,0,1,0,0,1,0,0,1,0,1,0,-0.08495005831614065
C0156,52.0,실버,-0.16947210836318788,-0.853637325928691,3.8,0,3,1,0,0,0,0,0,1,0,1,0,0,0,1,0.24466304432420957
C0157,24.0,브론즈,-0.4399841136551184,-0.4069406613924843,3.8,0,2,0,0,0,1,0,0,1,0,1,0,0,1,0,-0.3218677688385229
C0158,46.0,골드,0.2660066048042844,0.4864526676799291,4.7,0,1,0,0,0,0,1,0,1,0,1,0,0,1,0,-0.11858711157333349
C0159,44.0,브론즈,-0.4736286766851381,-1.0769856581967945,3.6,0,2,0,0,1,0,0,1,0,0,1,0,0,1,0,0.040081112695296066
C0160,58.0,브론즈,-0.44077042562913193,-1.5236823227330012,3.4,1,2,1,0,0,0,0,1,0,0,0,0,1,0,1,1.778946488952535
C0161,69.0,브론즈,-0.5253543782008069,-1.0769856581967945,3.6,0,2,0,0,0,0,1,1,0,0,1,0,0,0,1,-0.050690864046655605
C0162,52.0,실버,-0.2065055080943136,-0.18359232912438098,3.4,0,3,0,0,0,1,0,0,1,0,0,1,0,0,1,-0.20641286749441712
C0163,39.0,골드,0.17519566808132592,1.156497664484239,4.0,0,1,0,0,0,0,1,1,0,0,1,0,0,1,0,-0.29942549389071094
C0164,39.0,브론즈,-0.47176212768608367,-1.3003339904648978,3.0,1,2,0,0,0,0,1,1,0,0,1,0,0,1,0,0.43646427366333995
C0165,39.0,VIP,0.7682083414282992,2.4965876580928597,4.0,0,0,1,0,0,0,0,0,1,0,1,0,0,0,1,-0.27514205180132034
C0166,43.19565217391305,골드,0.2257715351007327,0.4864526676799291,4.2,0,1,0,0,1,0,0,0,1,1,0,0,0,1,0,-0.13976932875545486
C0167,34.0,골드,0.1680414258015206,0.4864526676799291,4.2,0,1,0,0,0,1,0,0,1,0,0,0,1,1,0,-0.17016201160982475
C0168,26.0,브론즈,-0.587489768085776,-0.18359232912438098,3.6,0,2,0,1,0,0,0,0,1,0,0,1,0,0,1,-0.4929465307023252
C0169,35.0,브론즈,-0.4884199707776644,-0.853637325928691,3.5,0,2,0,0,0,0,1,0,1,0,0,0,1,0,1,-0.17512142114425797
C0170,43.19565217391305,골드,0.15987957784563428,0.4864526676799291,4.2,0,1,1,0,0,0,0,1,0,0,1,0,0,0,1,-0.17445891073993303
C0171,23.0,브론즈,-0.47423849126787576,-0.853637325928691,3.5,1,2,0,0,0,0,1,0,1,0,1,0,0,1,0,-0.15645641191515566
C0172,22.0,실버,0.035726670935800446,0.4864526676799291,3.7,0,3,0,0,1,0,0,0,1,0,0,0,1,1,0,-0.23982064261543773
C0173,58.0,골드,0.10386395151144759,1.3798459967523424,4.3,0,1,0,1,0,0,0,0,1,0,1,0,0,1,0,-0.3579231448640682
C0174,43.19565217391305,브론즈,-0.44835151710646265,-1.3003339904648978,3.7366315789473683,0,2,0,0,1,0,0,1,0,0,0,0,1,1,0,0.49808820538723925
C0175,54.0,골드,0.28377143262816296,0.7098009999480325,4.2,0,1,0,0,1,0,0,0,1,0,0,1,0,1,0,-0.1668367885600209
C0176,42.0,VIP,0.69199193801546,1.8265426612885494,4.8,0,0,1,0,0,0,0,0,1,0,0,0,1,1,0,-0.21252333775499102
C0177,55.0,골드,0.42719971398318096,0.26310433541182576,3.8,0,1,0,1,0,0,0,0,1,0,0,1,0,1,0,0.04506746362761323
C0178,26.0,실버,-0.2563046886323124,-0.18359232912438098,3.7,0,3,1,0,0,0,0,1,0,0,1,0,0,1,0,-0.24386623006804295
C0179,64.0,골드,0.19966434007427744,0.7098009999480325,3.9,0,1,0,0,0,0,1,0,1,0,1,0,0,1,0,-0.20709056161195752
C0180,44.0,실버,-0.3038473189968391,0.26310433541182576,3.5,1,3,1,0,0,0,0,0,1,0,1,0,0,1,0,-0.38256381914860127
C0181,43.19565217391305,골드,6.630513977636954,1.156497664484239,3.7,0,1,0,0,0,0,1,0,1,0,0,0,1,1,0,2.314787495695896
C0182,25.0,골드,0.19117250050898568,0.4864526676799291,4.6,1,1,0,0,0,0,1,1,0,0,1,0,0,1,0,-0.15798439015373092
C0183,43.0,골드,0.25866967883609937,0.7098009999480325,4.5,0,1,0,0,0,0,1,0,1,0,1,0,0,1,0,-0.17885052330782406
C0184,54.0,브론즈,-0.46001148420032123,-0.6302889936605877,3.5,1,2,1,0,0,0,0,0,1,0,1,0,0,1,0,-0.2587568944193006
C0185,43.19565217391305,브론즈,-0.35379811146729756,-1.0769856581967945,4.1,0,2,0,0,1,0,0,1,0,0,1,0,0,1,0,0.2503683965832446
C0186,41.0,브론즈,-0.5067963651152849,-0.6302889936605877,3.2,1,2,1,0,0,0,0,0,1,0,0,0,1,1,0,-0.3080177763157206
C0187,26.0,실버,-0.25112172630057933,-0.18359232912438098,4.9,0,3,1,0,0,0,0,1,0,0,1,0,0,1,0,-0.23996818666012537
C0188,37.0,실버,0.09193492428279695,-0.6302889936605877,3.6,0,3,0,1,0,0,0,0,1,1,0,0,0,1,0,0.32240022962809306
C0189,30.0,실버,-0.16904469706837824,-0.6302889936605877,3.8,1,3,0,0,0,1,0,1,0,0,1,0,0,1,0,0.0476087573975681
C0190,33.0,브론즈,-0.5773607941768383,-0.18359232912438098,3.1,0,2,1,0,0,0,0,0,1,0,0,1,0,1,0,-0.4853286516888188
C0191,53.0,골드,0.0846000825457642,0.7098009999480325,4.2,0,1,0,0,0,0,1,0,1,0,0,1,0,0,1,-0.26216047745734106
C0192,50.0,VIP,0.574404732253409,2.4965876580928597,4.8,0,0,0,0,0,1,0,0,1,0,1,0,0,1,0,-0.32884213000447876
C0193,49.0,브론즈,-0.39024270218251783,-1.0769856581967945,3.3,1,2,0,0,0,0,1,0,1,1,0,0,0,1,0,0.1864128107944311
C0194,36.0,골드,0.12187413411749283,0.9331493322161358,4.8,1,1,1,0,0,0,0,0,1,1,0,0,0,1,0,-0.28586585405140497
C0195,67.0,실버,-0.19919906808684185,0.9331493322161358,3.8,0,3,0,1,0,0,0,1,0,1,0,0,0,1,0,-0.4267264339418842
C0196,22.0,실버,-0.22076570313586727,-0.6302889936605877,3.8,1,3,1,0,0,0,0,1,0,0,1,0,0,1,0,-0.006849484701744474
C0197,43.19565217391305,브론즈,-0.4134144580527662,-1.5236823227330012,2.9,0,2,0,0,1,0,0,0,1,0,1,0,0,1,0,1.9229651400196406
C0198,24.0,골드,0.06737124706513895,1.3798459967523424,4.3,0,1,0,0,1,0,0,0,1,0,0,1,0,0,1,-0.37164600612557885
C0199,35.0,VIP,0.5593891509152883,1.3798459967523424,4.4,0,0,0,0,1,0,0,1,0,0,1,0,0,1,0,-0.18662564287327693
C0200,43.19565217391305,골드,0.188388797313803,0.7098009999480325,3.9,0,1,0,0,0,0,1,1,0,0,0,0,1,0,1,-0.21248705227089631
C0201,37.0,VIP,0.7488213648386013,1.6031943290204458,4.2,0,0,0,0,0,0,1,0,1,0,0,1,0,1,0,-0.15722198506841834
C0202,65.0,VIP,0.7184916553409268,2.049890993556653,5.0,0,0,1,0,0,0,0,0,1,0,0,1,0,1,0,-0.23551300751758475
C0203,43.19565217391305,브론즈,-0.5875268000762293,-1.3003339904648978,3.2,0,2,0,0,0,0,1,1,0,0,0,0,1,1,0,0.13173602904335774
C0204,54.0,실버,-0.1370404427350375,-0.18359232912438098,3.1,1,3,0,0,0,1,0,1,0,0,0,0,1,0,1,-0.15416903032692844
C0205,41.0,실버,3.32504260263671,0.039756003143722386,3.4,1,3,0,0,0,0,1,1,0,0,1,0,0,0,1,2.050561790354634
C0206,31.0,VIP,0.6219897133475335,1.3798459967523424,4.5,0,0,0,0,1,0,0,0,1,0,1,0,0,1,0,-0.1630850791857003
C0207,57.0,브론즈,6.498747662934738,-1.0769856581967945,3.5,1,2,0,0,0,1,0,1,0,0,0,1,0,1,0,12.275707974989109
C0208,68.0,실버,-0.06657123406174194,-0.4069406613924843,3.9,1,3,0,0,0,1,0,0,1,0,0,1,0,0,1,0.005778103797225666
C0209,31.0,골드,0.23461596698655518,0.039756003143722386,4.4,0,1,1,0,0,0,0,1,0,0,1,0,0,1,0,0.016823292320680996
C0210,58.0,브론즈,-0.4277076525009393,-1.0769856581967945,3.0,0,2,1,0,0,0,0,1,0,0,0,1,0,0,1,0.12066662467625981
C0211,31.0,골드,0.30396841933284185,0.7098009999480325,3.7366315789473683,0,1,0,1,0,0,0,0,1,0,0,0,1,1,0,-0.1571704822538999
C0212,55.0,브론즈,-0.17826341488985986,-1.0769856581967945,2.9,1,2,0,0,1,0,0,0,1,0,0,0,1,0,1,0.5584092916942769
C0213,59.0,VIP,0.48779226145126303,1.6031943290204458,4.3,0,0,0,0,0,1,0,0,1,0,0,1,0,0,1,-0.24883650940491472
C0214,41.0,골드,0.0796157511793737,0.7098009999480325,3.7,0,1,0,1,0,0,0,0,1,0,1,0,0,0,1,-0.26454598547510766
C0215,56.0,브론즈,-0.5656881408773353,-1.0769856581967945,2.8,1,2,0,0,0,1,0,0,1,0,1,0,0,1,0,-0.12147144817232834
C0216,32.0,골드,0.06691075077072357,0.9331493322161358,4.5,0,1,0,0,0,0,1,0,1,0,0,1,0,1,0,-0.3099792774010167
C0217,22.0,브론즈,-0.61782290018684,-0.18359232912438098,3.6,0,2,0,0,1,0,0,0,1,0,1,0,0,1,0,-0.515759713214595
C0218,23.0,실버,-0.2474477861390793,-0.4069406613924843,4.1,1,3,0,0,0,0,1,1,0,0,0,1,0,1,0,-0.15292947964033238
C0219,41.0,실버,-0.3510545388794147,0.039756003143722386,3.7,0,3,0,0,1,0,0,1,0,0,0,1,0,0,1,-0.3685929609572625
C0220,43.19565217391305,골드,0.20090194190894273,0.7098009999480325,3.7366315789473683,0,1,0,1,0,0,0,0,1,0,1,0,0,0,1,-0.20649824362938832
C0221,24.0,브론즈,-0.4902247615743758,-0.6302889936605877,2.6,1,2,1,0,0,0,0,1,0,0,1,0,0,0,1,-0.29056915212563694
C0222,41.0,브론즈,-0.44171449260191437,-0.18359232912438098,3.6,0,2,1,0,0,0,0,0,1,0,1,0,0,1,0,-0.38331070561477737
C0223,54.0,골드,0.2204138364618873,0.9331493322161358,4.2,0,1,0,0,0,0,1,0,1,1,0,0,0,0,1,-0.2426347169799498
C0224,28.0,실버,-0.14545575117698906,-1.0769856581967945,4.0,1,3,0,1,0,0,0,1,0,0,0,1,0,1,0,0.6159825367202603
C0225,55.0,실버,-0.2557815023132171,0.039756003143722386,3.9,1,3,0,0,0,0,1,0,1,0,1,0,0,0,1,-0.305895972763427
C0226,33.0,브론즈,-0.2563970364404631,-0.4069406613924843,2.9,1,2,0,0,0,0,1,1,0,1,0,0,0,0,1,-0.16078187329002544
C0227,60.0,브론즈,-0.46957768368727537,-0.853637325928691,2.7,0,2,0,0,0,0,1,0,1,0,0,1,0,0,1,-0.15032207195105468
C0228,48.0,골드,-0.047397842460494825,1.156497664484239,3.8,0,1,0,0,0,0,1,1,0,0,0,1,0,0,1,-0.3895692821210652
C0229,46.0,브론즈,-0.6093251636547714,-1.0769856581967945,3.5,1,2,1,0,0,0,0,1,0,1,0,0,0,1,0,-0.1980488304131774
C0230,27.0,브론즈,-0.6927265622803017,-1.5236823227330012,3.6,1,2,1,0,0,0,0,0,1,0,1,0,0,1,0,0.4524943052640846
C0231,42.0,VIP,0.6828772976205799,1.8265426612885494,4.0,0,0,1,0,0,0,0,0,1,0,1,0,0,0,1,-0.2155224050767919
C0232,62.0,브론즈,-0.5098290215333248,-1.5236823227330012,2.9,0,2,0,0,0,0,1,1,0,0,0,1,0,1,0,1.4153795341758073
C0233,19.0,골드,0.11011764825208996,0.7098009999480325,3.8,0,1,0,0,0,0,1,0,1,0,1,0,0,1,0,-0.2499477345412519
C0234,57.0,브론즈,-0.2688505480024298,-0.18359232912438098,3.2,0,2,1,0,0,0,0,0,1,0,0,1,0,1,0,-0.25330181946349867
C0235,43.19565217391305,골드,0.2250751960882696,-0.18359232912438098,3.6,0,1,0,0,0,0,1,1,0,0,1,0,0,1,0,0.11817377065713096
C0236,55.0,골드,0.24508757132533573,0.039756003143722386,3.5,1,1,0,0,1,0,0,0,1,0,1,0,0,1,0,0.023714413641694694
C0237,52.0,골드,0.0578428228573951,0.26310433541182576,3.8,1,1,0,0,0,0,1,0,1,0,1,0,0,1,0,-0.17099053815442977
C0238,40.0,브론즈,-0.6089601076551296,-0.853637325928691,3.3,1,2,1,0,0,0,0,1,0,0,0,1,0,1,0,-0.3337707895505784
C0239,34.0,실버,-0.20943115011512642,-0.4069406613924843,3.2,0,3,1,0,0,0,0,0,1,0,1,0,0,1,0,-0.1195723177280077
C0240,50.0,골드,0.18259349339196826,1.3798459967523424,4.1,0,1,1,0,0,0,0,0,1,0,1,0,0,1,0,-0.32831737579868536
C0241,43.19565217391305,브론즈,-0.7058118364974961,-0.4069406613924843,3.7,0,2,0,0,0,0,1,0,1,0,1,0,0,0,1,-0.5551145607443309
C0242,43.19565217391305,브론즈,-0.5164391715938385,-0.6302889936605877,2.8,1,2,0,0,0,0,1,0,1,0,1,0,0,1,0,-0.3181709100161878
C0243,22.0,브론즈,-0.49447617073067196,-0.853637325928691,3.2,0,2,0,0,0,1,0,0,1,0,1,0,0,1,0,-0.1830923121883236
C0244,51.0,VIP,0.6566088272026274,2.049890993556653,4.9,0,0,0,0,0,0,1,1,0,0,1,0,0,0,1,-0.25467708378425685
C0245,50.0,골드,0.0711398975674991,0.26310433541182576,3.9,0,1,1,0,0,0,0,0,1,0,1,0,0,1,0,-0.16321231752165638
C0246,22.0,실버,-0.27455219708976614,0.26310433541182576,3.5,1,3,1,0,0,0,0,1,0,0,1,0,0,1,0,-0.3654274243681719
C0247,43.19565217391305,골드,0.14306190613606842,0.26310433541182576,4.6,0,1,1,0,0,0,0,0,1,0,0,1,0,0,1,-0.1211410151341125
C0248,39.0,실버,-0.20333027942701334,0.26310433541182576,3.6,1,3,1,0,0,0,0,1,0,0,1,0,0,1,0,-0.32376564525150964
C0249,58.0,실버,-0.14525409366270664,0.26310433541182576,4.1,0,3,0,0,0,1,0,1,0,1,0,0,0,1,0,-0.28979355768841164
C0250,20.0,실버,-0.09146329308355947,-0.18359232912438098,3.9,1,3,0,0,0,1,0,1,0,1,0,0,0,1,0,-0.11989100622035329
C0251,27.0,실버,-0.2468483328276497,-0.18359232912438098,3.6,0,3,0,0,0,0,1,0,1,0,1,0,0,0,1,-0.23675421901181692
C0252,43.0,브론즈,-0.5476075196938319,-0.6302889936605877,3.7366315789473683,0,2,1,0,0,0,0,0,1,0,1,0,0,0,1,-0.3509887837530259
C0253,27.0,골드,0.21249627515684494,-0.6302889936605877,4.2,0,1,0,0,0,0,1,1,0,0,1,0,0,1,0,0.4493420610602174
C0254,35.0,골드,0.23206502189348524,0.9331493322161358,4.5,0,1,1,0,0,0,0,0,1,0,0,1,0,0,1,-0.2375231326900161
C0255,52.0,브론즈,-0.5451267261086651,-0.853637325928691,3.1,1,2,0,0,1,0,0,0,1,0,1,0,0,0,1,-0.24975623698804916
C0256,25.0,실버,-0.12428283467840263,-0.18359232912438098,3.7,0,3,0,0,0,0,1,1,0,1,0,0,0,0,1,-0.14457418730028943
C0257,53.0,브론즈,-0.3853823026105488,-0.6302889936605877,3.3,0,2,1,0,0,0,0,0,1,0,0,0,1,0,1,-0.18017810510908916
C0258,23.0,VIP,0.8268670046473671,1.8265426612885494,4.8,0,0,0,1,0,0,0,1,0,0,0,0,1,1,0,-0.16814425231255378
C0259,27.0,VIP,0.881852094785097,1.3798459967523424,4.1,0,0,0,0,0,0,1,1,0,0,0,1,0,1,0,-0.06536539900140038
C0260,48.0,VIP,0.5830218177630498,1.8265426612885494,4.9,0,0,1,0,0,0,0,0,1,1,0,0,0,1,0,-0.24837869929896322
C0261,59.0,브론즈,-0.494495816796625,-0.853637325928691,3.5,0,2,0,0,1,0,0,1,0,0,1,0,0,1,0,-0.18311816943418263
C0262,26.0,브론즈,-0.49479190995325395,-0.853637325928691,2.8,1,2,0,0,0,0,1,0,1,0,0,1,0,1,0,-0.18350787359003878
C0263,33.0,브론즈,-0.5071475688702443,-0.853637325928691,3.8,0,2,0,0,0,0,1,0,1,0,1,0,0,0,1,-0.19976982196842066
C0264,66.0,브론즈,-0.5694267533970786,-0.4069406613924843,4.2,0,2,0,0,0,0,1,0,1,1,0,0,0,0,1,-0.4354453902122494
C0265,69.0,브론즈,-0.6639206416527598,-1.3003339904648978,3.7,0,2,0,1,0,0,0,1,0,0,0,1,0,0,1,-0.06935607239617271
C0266,48.0,브론즈,-0.4855942820193646,-0.853637325928691,3.9,1,2,0,0,0,0,1,0,1,0,0,0,1,0,1,-0.1714023799316798
C0267,41.0,VIP,0.5941017246252499,2.4965876580928597,4.5,0,0,0,0,0,0,1,0,1,0,1,0,0,0,1,-0.3233843883492118
C0268,36.0,브론즈,-0.4863497328724787,-1.5236823227330012,2.6,1,2,0,0,0,0,1,1,0,1,0,0,0,0,1,1.5389889613149028
C0269,49.0,브론즈,-0.5857855946216858,-0.853637325928691,3.7366315789473683,1,2,0,0,0,0,1,0,1,0,0,1,0,0,1,-0.303269564389225
C0270,48.0,골드,0.03879432808296507,0.4864526676799291,4.2,0,1,0,0,1,0,0,1,0,0,0,1,0,1,0,-0.23820563907722367
C0271,33.0,실버,-0.18711632431825828,-0.4069406613924843,3.5,0,3,0,0,0,0,1,0,1,1,0,0,0,1,0,-0.09999248807968059
C0272,19.0,골드,0.18009802798590016,0.26310433541182576,3.7,1,1,0,0,1,0,0,0,1,0,1,0,0,1,0,-0.09947646609526481
C0273,25.0,실버,-0.14813643850821603,-0.18359232912438098,3.7,1,3,0,0,1,0,0,1,0,0,1,0,0,1,0,-0.1625141948119378
C0274,67.0,골드,0.4100272582847312,1.6031943290204458,4.3,0,1,0,0,0,1,0,0,1,0,1,0,0,1,0,-0.276130032167992
C0275,39.0,실버,-0.18225872854621095,-0.853637325928691,3.1,1,3,0,0,0,0,1,0,1,0,1,0,0,0,1,0.2278338846049845
C0276,43.0,실버,-0.15878017081528065,-0.6302889936605877,3.5,0,3,0,0,0,1,0,0,1,0,1,0,0,1,0,0.05841651421104799
C0277,42.0,골드,0.04129108204802922,0.039756003143722386,4.7,1,1,0,0,1,0,0,1,0,0,1,0,0,0,1,-0.11039935603212488
C0278,58.0,실버,-0.3589981950277411,0.4864526676799291,3.3,0,3,0,0,0,0,1,1,0,0,1,0,0,1,0,-0.44762810758636085
C0279,21.0,브론즈,-0.3172214230597798,-1.0769856581967945,3.6,0,2,0,0,0,1,0,1,0,1,0,0,0,1,0,0.314555796891756
C0280,22.0,실버,-0.31793430601645534,-0.18359232912438098,3.5,1,3,0,0,0,1,0,0,1,0,0,1,0,1,0,-0.29021712139246664
C0281,32.0,브론즈,-0.614021991381634,-1.0769856581967945,3.5,0,2,0,0,0,0,1,0,1,0,1,0,0,0,1,-0.20629116110548484
C0282,43.0,골드,0.1586275142265866,0.26310433541182576,4.5,1,1,0,1,0,0,0,0,1,0,0,1,0,1,0,-0.11203579938922889
C0283,52.0,브론즈,-0.5062570728633263,-0.853637325928691,3.6,1,2,1,0,0,0,0,1,0,0,0,1,0,1,0,-0.19859779219704674
C0284,43.0,브론즈,-0.5980408839926429,0.26310433541182576,3.7366315789473683,0,2,0,0,1,0,0,0,1,0,0,1,0,1,0,-0.5546544862440268
C0285,40.0,브론즈,-0.53052527286061,-0.18359232912438098,2.8,1,2,0,1,0,0,0,1,0,1,0,0,0,1,0,-0.45010422144256224
C0286,66.0,골드,0.30195315349580426,0.26310433541182576,4.5,0,1,1,0,0,0,0,0,1,1,0,0,0,1,0,-0.028196423520930155
C0287,26.0,브론즈,-0.5871358392057395,-0.6302889936605877,3.0,1,2,0,0,0,1,0,1,0,0,1,0,0,0,1,-0.39260906451379707
C0288,47.0,실버,-0.37106163539118725,-0.6302889936605877,3.8,0,3,1,0,0,0,0,0,1,0,1,0,0,1,0,-0.16509954377101224
C0289,46.0,골드,0.26954948842574056,-0.18359232912438098,4.2,0,1,0,0,0,1,0,0,1,0,0,1,0,1,0,0.15162234909005767
C0290,42.0,브론즈,-0.4404412872257669,-0.4069406613924843,3.5,1,2,0,0,1,0,0,1,0,0,0,1,0,0,1,-0.3222689093499703
C0291,59.0,골드,0.0929325861992687,1.156497664484239,4.2,0,1,0,0,0,0,1,1,0,0,0,1,0,0,1,-0.3327396089981199
C0292,43.19565217391305,브론즈,-0.6748360945957363,-0.4069406613924843,3.0,0,2,1,0,0,0,0,1,0,0,1,0,0,1,0,-0.5279353322265745
C0293,67.0,브론즈,-0.5802015810133704,-1.0769856581967945,2.8,0,2,1,0,0,0,0,0,1,0,0,1,0,1,0,-0.14694067549783524
C0294,35.0,실버,-0.2197709075427535,-0.18359232912438098,4.0,0,3,0,0,0,0,1,0,1,0,1,0,0,1,0,-0.21638961429745518
C0295,43.19565217391305,VIP,0.8126285717992501,2.049890993556653,4.6,1,0,0,0,0,0,1,1,0,0,1,0,0,1,0,-0.2063603798696554
C0296,45.0,브론즈,-0.6131901440832489,-0.6302889936605877,3.8,1,2,1,0,0,0,0,1,0,0,1,0,0,1,0,-0.4200422440017844
C0297,62.0,실버,-0.223139770849413,-0.4069406613924843,3.7366315789473683,0,3,0,0,0,0,1,0,1,0,1,0,0,1,0,-0.13160075394051565
C0298,40.0,브론즈,-0.4197812207476,-1.5236823227330012,2.7,0,2,0,0,0,0,1,1,0,0,1,0,0,0,1,1.8894465824173674
C0299,32.0,실버,-0.48265051521826186,-0.18359232912438098,4.1,0,3,0,0,1,0,0,1,0,0,0,0,1,1,0,-0.4140981940996997
C0300,19.0,실버,-0.09678176216323629,0.26310433541182576,3.6,0,3,0,0,1,0,0,1,0,0,1,0,0,1,0,-0.26143931457798386
C0301,43.19565217391305,실버,-0.34719555666925955,-0.6302889936605877,3.8,0,3,0,0,1,0,0,1,0,0,1,0,0,0,1,-0.13997039815261397
C0302,60.0,실버,-0.17607747212175168,0.039756003143722386,3.4,0,3,1,0,0,0,0,1,0,0,0,1,0,1,0,-0.25344458861505614
C0303,18.0,브론즈,-0.46819331980115164,-0.6302889936605877,4.0,1,2,0,0,0,1,0,0,1,0,0,0,1,0,1,-0.26737173813261483
C0304,64.0,실버,-0.09104181728090324,0.26310433541182576,3.3,0,3,0,0,1,0,0,0,1,0,1,0,0,1,0,-0.25808169204159104
C0305,46.0,실버,-0.15134057807207213,0.26310433541182576,3.6,0,3,0,0,0,0,1,0,1,0,0,0,1,1,0,-0.2933538910433868
C0306,25.0,실버,-0.4822011689557613,-0.4069406613924843,3.7366315789473683,0,3,0,0,0,0,1,0,1,1,0,0,0,1,0,-0.35891052949303826
C0307,33.0,브론즈,-0.584738816943166,-1.5236823227330012,2.9,1,2,0,0,1,0,0,0,1,0,0,1,0,1,0,1.0210082637565934
C0308,46.0,실버,-0.19797395074917382,-0.4069406613924843,3.8,1,3,0,0,0,0,1,1,0,0,0,1,0,1,0,-0.10951935948964416
C0309,34.0,실버,-0.2356207068406225,0.26310433541182576,4.3,1,3,1,0,0,0,0,1,0,0,1,0,0,1,0,-0.34265416578894453
C0310,23.0,브론즈,-0.4421006869370886,-1.0769856581967945,3.1,0,2,0,1,0,0,0,0,1,1,0,0,0,1,0,0.0954086939222712
C0311,52.0,브론즈,-0.4068752266276915,-1.0769856581967945,3.5,0,2,0,0,0,0,1,1,0,0,1,0,0,1,0,0.15722486209856062
C0312,52.0,실버,-0.1448405308854358,-1.0769856581967945,2.6,0,3,0,0,0,0,1,0,1,1,0,0,0,0,1,0.6170621694823049
C0313,24.0,골드,0.1388342803111439,1.6031943290204458,4.1,1,1,0,1,0,0,0,0,1,0,0,1,0,0,1,-0.3713118159539195
C0314,32.0,브론즈,-0.7046848059913595,-0.4069406613924843,3.2,1,2,0,0,1,0,0,1,0,0,1,0,0,1,0,-0.5541256636980577
C0315,30.0,골드,0.11158024858911234,1.156497664484239,3.8,0,1,0,0,0,0,1,0,1,0,1,0,0,0,1,-0.3251878572629973
C0316,52.0,실버,-0.16654415998557368,0.26310433541182576,4.1,1,3,0,0,0,1,0,0,1,0,0,1,0,1,0,-0.3022473369410622
C0317,55.0,골드,0.03983509452342873,0.9331493322161358,4.0,0,1,0,0,0,1,0,1,0,0,0,1,0,1,0,-0.3218578540424956
C0318,55.0,실버,-0.14226174841655567,-0.18359232912438098,3.6,1,3,1,0,0,0,0,1,0,0,1,0,0,1,0,-0.1580959113053898
C0319,66.0,실버,-0.11094997081174837,-0.18359232912438098,3.5,1,3,0,0,1,0,0,0,1,0,0,0,1,0,1,-0.13454670132265242
C0320,57.0,실버,-0.19925505482906408,-0.4069406613924843,2.9,1,3,0,0,0,0,1,0,1,1,0,0,0,1,0,-0.110643446223476
C0321,34.0,VIP,0.3347404952020892,2.9432843226290664,4.0,0,0,0,0,0,0,1,1,0,0,0,1,0,1,0,-0.4283551248298714
C0322,23.0,실버,-0.35800172262833946,0.039756003143722386,4.1,0,3,0,0,1,0,0,0,1,0,0,1,0,1,0,-0.37316474236767344
C0323,49.0,실버,-0.0004682846983998056,-0.4069406613924843,2.9,1,3,0,0,0,0,1,1,0,0,1,0,0,0,1,0.06377920582545123
C0324,65.0,실버,-0.2753434259269428,0.039756003143722386,3.4,0,3,0,0,1,0,0,0,1,0,0,0,1,1,0,-0.31876922355990284
C0325,68.0,골드,-0.06114409920324625,0.26310433541182576,3.7366315789473683,0,1,0,0,0,1,0,0,1,0,1,0,0,0,1,-0.24059280424525759
C0326,29.0,브론즈,-0.3564949088680881,-0.18359232912438098,4.0,1,2,0,0,0,0,1,1,0,1,0,0,0,1,0,-0.3192180853452326
C0327,30.0,실버,-0.21208076792213376,-0.4069406613924843,4.0,1,3,0,0,1,0,0,0,1,0,1,0,0,0,1,-0.12189718755968962
C0328,19.0,실버,-0.0887419967360757,0.039756003143722386,3.5,1,3,0,0,0,0,1,0,1,0,0,1,0,1,0,-0.19597112637945147
C0329,25.0,VIP,0.7122123597749259,2.2732393258247563,5.0,0,0,0,0,0,1,0,0,1,0,1,0,0,0,1,-0.2655354306131875
C0330,46.0,실버,-0.16177697729881838,0.039756003143722386,3.4,0,3,0,0,0,0,1,1,0,0,1,0,0,1,0,-0.24403376276763517
C0331,46.0,실버,-0.17257321116224378,-0.18359232912438098,4.1,0,3,0,0,1,0,0,1,0,0,0,0,1,0,1,-0.18089279655704482
C0332,37.0,VIP,0.759728232118866,1.8265426612885494,4.0,0,0,0,0,1,0,0,1,0,0,0,1,0,1,0,-0.19023549124164613
C0333,34.0,실버,0.04373828142409425,-0.18359232912438098,4.1,0,3,1,0,0,0,0,1,0,0,0,1,0,1,0,-0.018207534005456383
C0334,61.0,브론즈,-0.38635164907318037,-1.0769856581967945,3.1,1,2,0,0,1,0,0,1,0,1,0,0,0,1,0,0.19324111030498448
C0335,43.19565217391305,브론즈,-0.6746295819729814,-1.0769856581967945,2.9,1,2,0,0,1,0,0,0,1,1,0,0,0,0,1,-0.31264971482905296
C0336,60.0,브론즈,-0.44559765551178837,-0.18359232912438098,3.2,1,2,0,0,1,0,0,0,1,1,0,0,0,0,1,-0.38623118556695235
C0337,68.0,브론즈,-0.3670896502775794,-0.853637325928691,3.4,1,2,0,0,0,1,0,0,1,0,1,0,0,0,1,-0.015432049500002981
C0338,34.0,실버,-0.0776960052887355,-0.6302889936605877,3.5,0,3,0,1,0,0,0,1,0,0,0,1,0,1,0,0.14379190522535712
C0339,28.0,골드,0.11484299356490216,0.4864526676799291,4.3,0,1,1,0,0,0,0,1,0,1,0,0,0,1,0,-0.1981689407312857
C0340,67.0,골드,0.2946730289812197,1.156497664484239,3.7366315789473683,0,1,1,0,0,0,0,0,1,0,1,0,0,0,1,-0.25104069644955573
C0341,51.0,브론즈,-0.3912400647757734,-0.6302889936605877,3.5,1,2,0,0,0,0,1,1,0,0,1,0,0,1,0,-0.18634587821345874
C0342,33.0,실버,0.07708032071957424,0.039756003143722386,3.9,1,3,0,0,0,1,0,0,1,0,0,0,1,0,1,-0.08684728342764639
C0343,50.0,브론즈,-0.5808092870729746,-1.0769856581967945,3.3,1,2,1,0,0,0,0,0,1,0,0,1,0,1,0,-0.1480071217458697
C0344,44.0,VIP,0.6235871813830473,2.049890993556653,4.3,0,0,1,0,0,0,0,1,0,0,0,1,0,1,0,-0.2649033348780689
C0345,65.0,브론즈,3.6492249852780687,-1.0769856581967945,3.4,1,2,0,0,0,0,1,1,0,0,1,0,0,1,0,7.275160884418239
C0346,31.0,실버,-0.26898029079989483,-0.4069406613924843,3.9,0,3,0,0,0,1,0,1,0,0,0,1,0,1,0,-0.17182287262481843
C0347,69.0,브론즈,-0.5966301115553829,-0.4069406613924843,4.1,0,2,1,0,0,0,0,1,0,0,0,1,0,1,0,-0.4593145937386681
C0348,66.0,실버,-0.5257460312618909,0.26310433541182576,4.1,1,3,0,0,1,0,0,1,0,0,1,0,0,1,0,-0.5123650859501144
C0349,27.0,실버,-0.2627067534085701,-0.6302889936605877,4.1,1,3,0,0,0,0,1,0,1,0,0,1,0,0,1,-0.05101018541723183
C0350,26.0,골드,0.2047792906279907,0.26310433541182576,5.0,0,1,0,1,0,0,0,0,1,0,1,0,0,1,0,-0.08503898187328557
C0351,45.0,브론즈,-0.5517955875755645,-0.853637325928691,3.5,1,2,0,0,0,0,1,0,1,0,0,0,1,1,0,-0.25853348485851024
C0352,20.0,VIP,0.8995984208745201,2.4965876580928597,4.7,0,0,0,0,0,0,1,0,1,0,0,0,1,1,0,-0.23873582814315222
C0353,33.0,실버,-0.21207848312089125,-1.0769856581967945,4.0,0,3,0,0,0,1,0,0,1,0,1,0,0,0,1,0.4990681808527955
C0354,40.0,골드,0.3089193976321797,0.9331493322161358,3.7,0,1,0,1,0,0,0,1,0,0,1,0,0,0,1,-0.2038057378425207
C0355,68.0,골드,0.19258335719805378,0.039756003143722386,3.9,0,1,0,0,0,0,1,1,0,1,0,0,0,1,0,-0.01083739883231585
C0356,69.0,VIP,0.7742948598086634,1.6031943290204458,4.3,0,0,1,0,0,0,0,0,1,0,1,0,0,1,0,-0.1482814412953841
C0357,25.0,브론즈,-0.46451452799075893,-1.0769856581967945,3.6,0,2,0,0,1,0,0,1,0,0,0,1,0,1,0,0.056075275540207165
C0358,43.19565217391305,브론즈,-0.3414064630940694,-1.0769856581967945,3.2,1,2,0,0,0,1,0,1,0,0,0,1,0,1,0,0.27211415130420036
C0359,22.0,브론즈,-0.48974556543477277,-1.0769856581967945,3.4,1,2,1,0,0,0,0,0,1,0,0,1,0,1,0,0.011798038558712363
C0360,56.0,브론즈,-0.44000923441923157,-0.853637325928691,3.7366315789473683,1,2,1,0,0,0,0,0,1,0,1,0,0,0,1,-0.11140544282943586
C0361,61.0,실버,-0.17219766608089693,-0.4069406613924843,4.0,1,3,0,0,1,0,0,0,1,0,0,1,0,1,0,-0.08690232150037697
C0362,64.0,VIP,0.6483451177562194,1.156497664484239,4.4,0,0,0,0,1,0,0,0,1,0,1,0,0,0,1,-0.10781396088158067
C0363,29.0,VIP,0.7266778208991883,2.2732393258247563,4.2,0,0,0,0,0,1,0,1,0,0,0,1,0,0,1,-0.26130459222834257
C0364,64.0,실버,0.03887469359125792,0.26310433541182576,4.2,1,3,0,0,1,0,0,0,1,0,1,0,0,0,1,-0.1820860834258172
C0365,24.0,실버,-0.24414212100872182,0.26310433541182576,4.0,1,3,0,0,0,0,1,0,1,0,1,0,0,1,0,-0.34763882902862325
C0366,44.0,골드,0.21044088895515592,0.039756003143722386,3.5,0,1,0,1,0,0,0,0,1,0,0,1,0,1,0,0.00091423098970778
C0367,42.0,VIP,0.8230357761116991,2.049890993556653,4.4,0,0,0,0,0,1,0,0,1,0,1,0,0,1,0,-0.20313744285842372
C0368,34.0,브론즈,-0.36722834471920157,-0.6302889936605877,3.4,1,2,0,0,0,1,0,0,1,0,1,0,0,1,0,-0.16106338346934224
C0369,19.0,실버,-0.21226597906396008,-0.6302889936605877,4.0,0,3,0,0,0,0,1,1,0,0,1,0,0,1,0,0.0021000711263320436
C0370,58.0,골드,-0.10625506308729529,0.7098009999480325,4.5,1,1,0,0,0,0,1,1,0,0,1,0,0,1,0,-0.35350401918285473
C0371,35.0,브론즈,-0.43768365055410074,-0.853637325928691,3.4,1,2,0,0,1,0,0,1,0,0,1,0,0,1,0,-0.10834461661058073
C0372,52.0,실버,-0.4643694269531622,0.7098009999480325,3.9,1,3,0,0,0,0,1,1,0,1,0,0,0,1,0,-0.5248980585197822
C0373,39.0,VIP,0.847007655553227,2.719935990360963,4.5,0,0,0,1,0,0,0,1,0,0,0,1,0,1,0,-0.2777854719854401
C0374,37.0,VIP,0.7000675933154782,1.156497664484239,4.2,0,0,1,0,0,0,0,1,0,0,0,0,1,1,0,-0.08686788805037149
C0375,64.0,VIP,0.7938723595953077,2.9432843226290664,4.4,0,0,0,0,1,0,0,0,1,1,0,0,0,1,0,-0.3132526137681165
C0376,22.0,골드,0.0611152945072424,0.26310433541182576,3.7366315789473683,0,1,0,0,0,1,0,0,1,0,1,0,0,1,0,-0.16907628204457523
C0377,56.0,브론즈,-0.6714848467222345,-0.4069406613924843,3.3,1,2,1,0,0,0,0,0,1,0,0,1,0,1,0,-0.5249948269737083
C0378,56.0,브론즈,-0.46660340335932043,-0.4069406613924843,2.5,1,2,1,0,0,0,0,0,1,1,0,0,0,1,0,-0.3452244897249971
C0379,37.0,실버,-0.21738669442862477,-0.6302889936605877,3.5,1,3,0,0,1,0,0,0,1,0,0,1,0,0,1,-0.003291648375154407
C0380,31.0,실버,-0.26912928873163616,0.039756003143722386,3.7,0,3,0,0,1,0,0,0,1,0,0,1,0,1,0,-0.3146798431810345
C0381,18.0,실버,-0.20402389932309742,-0.18359232912438098,3.6,0,3,1,0,0,0,0,1,0,0,0,1,0,1,0,-0.20454647949224253
C0382,66.0,실버,0.09910426295791981,0.039756003143722386,3.6,0,3,0,0,1,0,0,0,1,0,1,0,0,1,0,-0.0723538349529582
C0383,67.0,실버,-0.1192963280436155,-0.18359232912438098,3.9,0,3,0,1,0,0,0,1,0,0,0,1,0,1,0,-0.14082389585069485
C0384,30.0,골드,0.2816287408139897,1.156497664484239,3.7,0,1,1,0,0,0,0,1,0,1,0,0,0,0,1,-0.2563232473527708
C0385,19.0,브론즈,-0.4007092946996805,-0.853637325928691,2.6,1,2,0,0,0,0,1,0,1,1,0,0,0,1,0,-0.05968067482746054
C0386,24.0,브론즈,-0.3289009508301924,-0.853637325928691,3.2,0,2,1,0,0,0,0,0,1,0,1,0,0,0,1,0.03483015531021395
C0387,21.0,브론즈,-0.5175424847133507,-0.4069406613924843,3.6,1,2,1,0,0,0,0,1,0,0,0,0,1,1,0,-0.3899202693126722
C0388,61.0,브론즈,-0.7282347806046839,-0.6302889936605877,4.0,1,2,0,0,0,0,1,1,0,0,1,0,0,0,1,-0.5411753994500091
C0389,64.0,골드,0.14173687287214887,0.9331493322161358,4.4,0,1,0,0,0,0,1,1,0,1,0,0,0,1,0,-0.277151713849155
C0390,25.0,실버,-0.12187136416194222,-0.4069406613924843,3.1,0,3,0,0,1,0,0,1,0,0,1,0,0,1,0,-0.04274421659858089
C0391,56.0,브론즈,-0.6056444570695253,-1.3003339904648978,3.2,1,2,1,0,0,0,0,1,0,1,0,0,0,1,0,0.08404478007936014
C0392,27.0,골드,0.1431176379403055,0.4864526676799291,3.7366315789473683,0,1,0,1,0,0,0,0,1,0,0,0,1,0,1,-0.18328342761251085
C0393,37.0,실버,-0.29175326293474235,-0.4069406613924843,3.8,0,3,0,0,0,0,1,0,1,0,1,0,0,1,0,-0.19180469632558847
C0394,49.0,브론즈,-0.3263510810258198,-0.4069406613924843,3.5,1,2,0,0,0,0,1,0,1,0,1,0,0,1,0,-0.22216206458800075
C0395,55.0,브론즈,-0.41138462728568653,-0.4069406613924843,2.9,0,2,0,0,0,1,0,0,1,0,0,0,1,1,0,-0.29677355227413826
C0396,63.0,브론즈,-0.42244825397894564,-0.853637325928691,3.3,0,2,0,0,0,1,0,0,1,0,1,0,0,1,0,-0.08829249035055124
C0397,20.0,실버,-0.1433547530640653,0.4864526676799291,3.9,0,3,0,0,0,0,1,0,1,0,0,1,0,0,1,-0.33410012676689327
C0398,28.0,브론즈,-0.5002749963300553,-0.18359232912438098,3.6,0,2,0,0,0,0,1,1,0,1,0,0,0,1,0,-0.4273533536047511
C0399,32.0,브론즈,-0.4737441912291294,-0.853637325928691,3.0,0,2,0,0,0,0,1,1,0,0,0,1,0,0,1,-0.15580583700308268
C0400,34.0,브론즈,-0.6299808333103523,-1.3003339904648978,3.2,0,2,1,0,0,0,0,0,1,0,1,0,0,0,1,0.01998394822829593
C0401,69.0,실버,-0.46063709168670885,0.4864526676799291,3.7366315789473683,0,3,1,0,0,0,0,1,0,0,0,1,0,1,0,-0.5011370787163746
C0402,58.0,브론즈,-0.4791084344922323,-0.853637325928691,3.1,1,2,0,0,0,0,1,1,0,0,1,0,0,1,0,-0.162866006567468
C0403,34.0,골드,0.1996531578467052,0.7098009999480325,3.9,0,1,0,0,0,0,1,1,0,1,0,0,0,0,1,-0.20709591344183584
C0404,68.0,브론즈,-0.35943072181689634,-1.0769856581967945,3.7366315789473683,1,2,1,0,0,0,0,0,1,0,1,0,0,0,1,0.24048388732249773
C0405,43.0,실버,-0.036043735088495364,-0.6302889936605877,3.8,0,3,0,1,0,0,0,1,0,0,1,0,0,0,1,0.1876485427314183
C0406,44.0,실버,-0.036194840854880284,-0.853637325928691,3.7,1,3,0,0,1,0,0,0,1,0,1,0,0,0,1,0.42007643658381383
C0407,40.0,실버,-0.32635705202658866,0.039756003143722386,2.8,1,3,1,0,0,0,0,1,0,0,1,0,0,1,0,-0.35234011442861074
C0408,25.0,브론즈,-0.5358688008954937,-1.3003339904648978,3.4,1,2,0,0,0,0,1,1,0,0,1,0,0,0,1,0.26771578077516506
C0409,66.0,골드,0.21731855590538962,2.049890993556653,3.7,0,1,0,0,0,0,1,1,0,1,0,0,0,1,0,-0.3907179292920443
C0410,18.0,골드,0.44912660903975066,0.26310433541182576,4.3,0,1,0,0,0,0,1,1,0,0,0,0,1,0,1,0.05789376048312163
C0411,27.0,브론즈,-0.32882896908996956,-1.5236823227330012,2.8,1,2,0,0,0,1,0,0,1,0,0,0,1,0,1,2.3682752167430134
C0412,29.0,브론즈,-0.3695848889409029,-0.6302889936605877,3.3,0,2,0,0,0,1,0,1,0,1,0,0,0,1,0,-0.16354464331907695
C0413,32.0,VIP,0.6371022764609217,2.4965876580928597,4.4,0,0,0,1,0,0,0,1,0,0,1,0,0,0,1,-0.3114695793000637
C0414,24.0,실버,-0.3133830301008013,-0.18359232912438098,3.8,1,3,0,1,0,0,0,0,1,1,0,0,0,1,0,-0.2867941617132098
C0415,18.0,브론즈,-0.40692705225877507,-0.6302889936605877,3.7366315789473683,0,2,0,1,0,0,0,0,1,0,1,0,0,1,0,-0.20286306972058954
C0416,53.0,브론즈,-0.6204304978362565,-1.5236823227330012,3.2,0,2,0,1,0,0,0,1,0,0,0,0,1,1,0,0.8331052871138865
C0417,68.0,실버,-0.2405308764377684,-0.4069406613924843,3.1,1,3,0,0,0,0,1,0,1,0,0,1,0,1,0,-0.14686033462986428
C0418,24.0,골드,0.15007649972124162,0.26310433541182576,3.5,0,1,0,0,0,0,1,0,1,0,0,1,0,0,1,-0.11703777756162183
C0419,33.0,실버,-0.033605820264016456,-1.0769856581967945,3.5,0,3,1,0,0,0,0,1,0,1,0,0,0,1,0,0.8122648302401603
C0420,44.0,VIP,0.6408412072924277,1.8265426612885494,3.7366315789473683,0,0,0,0,1,0,0,0,1,1,0,0,0,1,0,-0.22935389588472865
C0421,43.19565217391305,실버,-0.48920196665222154,-1.0769856581967945,3.5,0,3,0,0,0,0,1,0,1,0,0,0,1,1,0,0.012751984751819946
C0422,54.0,브론즈,-0.43906870796006453,-1.5236823227330012,3.6,1,2,0,0,0,1,0,0,1,0,0,1,0,0,1,1.78790537817888
C0423,57.0,실버,-0.29257268279897636,-0.4069406613924843,3.7366315789473683,1,3,0,0,1,0,0,1,0,0,0,1,0,1,0,-0.19252368474603168
C0424,48.0,브론즈,-0.4912492803923642,-1.3003339904648978,2.9,1,2,1,0,0,0,0,1,0,0,1,0,0,0,1,0.38516809051678014
C0425,39.0,브론즈,3.432631227864077,-0.6302889936605877,3.2,1,2,0,0,0,0,1,1,0,0,1,0,0,0,1,3.8398965413455324
C0426,28.0,브론즈,-0.5269921463607934,-0.6302889936605877,3.4,1,2,0,0,0,0,1,0,1,0,1,0,0,1,0,-0.32928238093337886
C0427,62.0,브론즈,-0.4067651708872615,-0.4069406613924843,3.4,0,2,0,0,0,0,1,0,1,0,1,0,0,0,1,-0.2927202753105452
C0428,59.0,골드,-0.010153913612144926,1.156497664484239,4.9,0,1,0,0,0,1,0,1,0,0,1,0,0,0,1,-0.37448659248289956
C0429,19.0,브론즈,-0.5544839014682502,-0.4069406613924843,3.0,1,2,0,0,1,0,0,1,0,0,0,0,1,0,1,-0.42233399521907405
C0430,55.0,실버,-0.13630000767611083,-0.18359232912438098,3.7,0,3,0,0,1,0,0,0,1,0,0,1,0,1,0,-0.1536121580566499
C0431,22.0,실버,-0.28297559619232204,0.039756003143722386,3.9,1,3,0,0,0,0,1,0,1,1,0,0,0,0,1,-0.32379177879975124
C0432,56.0,실버,-0.39536976845766636,0.039756003143722386,3.7,1,3,1,0,0,0,0,0,1,0,0,1,0,1,0,-0.3977557915525091
C0433,43.19565217391305,골드,0.23858575440696767,0.7098009999480325,3.9,0,1,1,0,0,0,0,1,0,0,1,0,0,0,1,-0.18846271784949792
C0434,24.0,골드,0.28994439565417707,0.4864526676799291,3.5,1,1,0,0,0,1,0,0,1,0,1,0,0,1,0,-0.10598478508605357
C0435,40.0,골드,0.15796128961673486,0.4864526676799291,3.9,0,1,0,0,0,1,0,1,0,0,1,0,0,0,1,-0.17546881573529746
C0436,24.0,브론즈,-0.7176231935481512,-1.3003339904648978,2.9,0,2,0,0,0,0,1,0,1,1,0,0,0,1,0,-0.21071771608954826
C0437,47.0,실버,-0.13382191787274372,0.039756003143722386,3.0,0,3,0,1,0,0,0,1,0,0,1,0,0,0,1,-0.2256371828541067
C0438,66.0,실버,-0.4011414578778982,-0.18359232912438098,3.4,0,3,0,0,0,0,1,1,0,0,0,1,0,0,1,-0.35279621594217375
C0439,22.0,브론즈,-0.4611747848045151,-1.0769856581967945,2.9,0,2,0,0,0,1,0,1,0,1,0,0,0,0,1,0.061936096794298456
C0440,38.0,브론즈,-0.5963412032066995,-1.0769856581967945,3.5,0,2,0,0,0,0,1,0,1,1,0,0,0,0,1,-0.17526364391447352
C0441,68.0,브론즈,-0.6271170546715011,-1.3003339904648978,3.5,1,2,0,0,0,0,1,0,1,0,1,0,0,0,1,0.027522294941326523
C0442,33.0,실버,-0.26352147662367537,0.26310433541182576,3.3,1,3,0,0,0,1,0,1,0,0,1,0,0,1,0,-0.35897492414581045
C0443,24.0,실버,-0.23430071405556277,-0.18359232912438098,3.6,1,3,0,0,0,0,1,0,1,0,1,0,0,1,0,-0.22731730639137704
C0444,43.0,브론즈,-0.5688556235726568,-1.3003339904648978,2.6,1,2,1,0,0,0,0,1,0,0,1,0,0,0,1,0.18088431170552
C0445,44.0,골드,0.22956322615265567,1.156497664484239,3.9,0,1,1,0,0,0,0,1,0,0,1,0,0,1,0,-0.2774082408744211
C0446,52.0,VIP,0.6305170267916865,1.6031943290204458,4.7,0,0,0,0,0,0,1,1,0,0,0,1,0,1,0,-0.1987437752307559
C0447,34.0,브론즈,-0.38531388338826267,-1.5236823227330012,3.6,1,2,0,0,1,0,0,0,1,1,0,0,0,0,1,2.0709038611083694
C0448,67.0,VIP,0.7126885573398767,2.2732393258247563,4.2,0,0,0,0,0,1,0,1,0,0,1,0,0,1,0,-0.26539615299740626
C0449,45.0,브론즈,-0.5748835511471136,-1.0769856581967945,3.7,1,2,0,0,0,1,0,0,1,0,0,1,0,0,1,-0.13760821466718545
C0450,32.0,VIP,0.5830756300549675,1.6031943290204458,3.9,0,0,1,0,0,0,0,1,0,0,1,0,0,0,1,-0.21539448942121173
C0451,67.0,VIP,0.4947671456726913,1.8265426612885494,4.0,0,0,1,0,0,0,0,1,0,0,0,0,1,1,0,-0.2774178814932632
C0452,66.0,브론즈,-0.46321608315314866,-0.4069406613924843,3.6,1,2,0,0,0,0,1,1,0,0,0,1,0,1,0,-0.342252333311816
C0453,43.0,골드,0.12298028280144283,0.7098009999480325,4.8,0,1,0,0,0,0,1,0,1,1,0,0,0,1,0,-0.24379165951502363
C0454,19.0,VIP,0.412882985679204,1.3798459967523424,4.7,0,0,0,0,0,0,1,1,0,1,0,0,0,1,0,-0.24171840209721315
C0455,49.0,VIP,0.620387933638396,2.049890993556653,4.5,0,0,0,1,0,0,0,0,1,0,1,0,0,1,0,-0.26589408836524725
C0456,43.19565217391305,VIP,4.653280569230607,1.6031943290204458,3.6,1,0,0,0,0,1,0,0,1,0,1,0,0,0,1,1.2131431127683316
C0457,25.0,실버,-0.03555315544712825,0.7098009999480325,2.9,0,3,0,0,0,1,0,1,0,0,1,0,0,0,1,-0.3196659865262998
C0458,43.19565217391305,브론즈,-0.6884640643925497,-0.853637325928691,3.4,1,2,1,0,0,0,0,0,1,0,0,1,0,0,1,-0.43841023039522475
C0459,61.0,골드,0.00018631189829260684,-0.18359232912438098,4.0,0,1,1,0,0,0,0,0,1,1,0,0,0,0,1,-0.050962444584772046
C0460,23.0,실버,-0.08817374987393432,0.039756003143722386,3.3,0,3,1,0,0,0,0,1,0,0,1,0,0,0,1,-0.1955971762242876
C0461,55.0,실버,-0.06028841647499568,0.7098009999480325,3.7,0,3,1,0,0,0,0,1,0,0,0,0,1,1,0,-0.331504317320558
C0462,43.19565217391305,실버,-0.29776585085799673,0.4864526676799291,3.7,1,3,1,0,0,0,0,1,0,0,0,1,0,0,1,-0.41539163273170354
C0463,56.0,실버,-0.2850095443346958,0.7098009999480325,4.1,1,3,0,0,0,0,1,0,1,0,1,0,0,0,1,-0.4390561658765417
C0464,43.19565217391305,브론즈,-0.4264374104486846,-1.3003339904648978,3.4,1,2,0,0,0,0,1,1,0,0,1,0,0,1,0,0.5557728782357431
C0465,18.0,골드,-0.099894948985881,1.156497664484239,4.6,0,1,0,1,0,0,0,0,1,0,0,1,0,1,0,-0.41082905758267585
C0466,68.0,브론즈,-0.7063634695965164,-1.0769856581967945,3.3,0,2,1,0,0,0,0,0,1,0,0,1,0,1,0,-0.3683386204386299
C0467,26.0,골드,0.13132510296671826,0.7098009999480325,4.1,0,1,0,1,0,0,0,0,1,0,0,1,0,0,1,-0.23979781682123394
C0468,48.0,골드,0.3381683005282875,0.039756003143722386,4.5,0,1,0,0,0,0,1,1,0,0,1,0,0,1,0,0.0849686949183934
C0469,27.0,실버,-0.26282320309502333,-0.4069406613924843,3.3,0,3,0,0,1,0,0,0,1,0,0,0,1,0,1,-0.16642042272498042
C0470,66.0,실버,-0.20218492048396594,-0.4069406613924843,4.8,0,3,0,0,0,0,1,1,0,0,1,0,0,1,0,-0.11321421558272023
C0471,56.0,브론즈,-0.3679587165413542,-0.4069406613924843,3.5,1,2,0,0,0,0,1,1,0,1,0,0,0,0,1,-0.2586700984341886
C0472,59.0,VIP,0.9189767002279673,2.2732393258247563,4.7,0,0,0,0,0,0,1,1,0,0,1,0,0,0,1,-0.2050612776849665
C0473,40.0,골드,0.09786689991409442,0.9331493322161358,4.3,0,1,0,0,0,0,1,1,0,0,1,0,0,1,0,-0.2963982588371059
C0474,42.0,브론즈,-0.49796857359806,-1.5236823227330012,4.1,1,2,0,1,0,0,0,1,0,0,0,1,0,0,1,1.4778202322765102
C0475,50.0,브론즈,-0.2901911726950715,-1.0769856581967945,3.6,0,2,1,0,0,0,0,1,0,0,0,1,0,0,1,0.36199042195317127
C0476,58.0,브론즈,-0.6680603069356936,-1.0769856581967945,2.7,0,2,0,0,1,0,0,1,0,0,0,1,0,1,0,-0.301121479088924
C0477,62.0,실버,-0.09748287949124113,0.26310433541182576,4.3,0,3,1,0,0,0,0,1,0,0,0,1,0,0,1,-0.26184943826199525
C0478,18.0,VIP,0.565858622662538,2.2732393258247563,4.4,0,0,1,0,0,0,0,0,1,1,0,0,0,1,0,-0.3083407724838342
C0479,43.19565217391305,골드,0.17462373108332915,1.156497664484239,4.1,0,1,1,0,0,0,0,1,0,0,0,1,0,1,0,-0.2996571114589995
C0480,23.0,브론즈,-0.5234798411344401,-1.3003339904648978,2.8,1,2,0,0,0,0,1,0,1,0,0,1,0,0,1,0.3003273356019279
C0481,32.0,골드,0.0547990708472187,-0.4069406613924843,4.3,0,1,0,1,0,0,0,0,1,0,0,1,0,1,0,0.11227276864988565
C0482,43.19565217391305,브론즈,-0.6071474044652398,-1.5236823227330012,3.0,0,2,0,0,0,1,0,0,1,0,1,0,0,0,1,0.9030356664343019
C0483,31.0,골드,0.19427753193475814,1.3798459967523424,4.1,0,1,0,0,1,0,0,0,1,0,0,1,0,1,0,-0.3239236636217007
C0484,59.0,브론즈,-0.383579652942541,-1.0769856581967945,3.2,1,2,1,0,0,0,0,0,1,0,1,0,0,0,1,0.1981056082417202
C0485,42.0,실버,-0.2282487876253047,-0.6302889936605877,4.5,0,3,0,0,0,0,1,0,1,0,0,1,0,0,1,-0.014728597227971022
C0486,30.0,VIP,0.6888407723801343,2.4965876580928597,5.0,0,0,0,1,0,0,0,0,1,0,1,0,0,0,1,-0.29713361678210937
C0487,35.0,브론즈,-0.4315289146603346,-0.18359232912438098,3.3,0,2,1,0,0,0,0,0,1,0,1,0,0,1,0,-0.37565025539156893
C0488,45.0,실버,-0.32337355702354104,-0.18359232912438098,3.7,1,3,0,0,0,0,1,1,0,0,0,1,0,1,0,-0.2943079164195433
C0489,57.0,VIP,0.7644969072320343,1.6031943290204458,4.4,0,0,1,0,0,0,0,1,0,1,0,0,0,1,0,-0.15172027149910827
C0490,49.0,브론즈,-0.4034881609141455,-0.853637325928691,3.7,0,2,0,0,0,1,0,0,1,0,0,1,0,1,0,-0.06333809036747026
C0491,66.0,브론즈,-0.2018810316237007,-0.853637325928691,3.7366315789473683,0,2,0,0,1,0,0,1,0,0,1,0,0,1,0,0.20200791434674822
C0492,63.0,실버,-0.2560860404985506,0.4864526676799291,3.5,0,3,0,0,0,1,0,0,1,0,0,0,1,1,0,-0.3934488151437553
C0493,57.0,브론즈,-0.5478250949124249,-0.6302889936605877,3.7,0,2,0,0,0,1,0,1,0,0,0,1,0,1,0,-0.3512178737269039
C0494,49.0,브론즈,-0.4091803110180229,-0.6302889936605877,3.1,0,2,0,0,0,0,1,1,0,0,0,0,1,1,0,-0.20523557792090172
C0495,43.19565217391305,실버,6.534189514897114,0.26310433541182576,3.7,0,3,0,1,0,0,0,0,1,0,0,1,0,1,0,3.6173955966349722
C0496,39.0,골드,0.10258553414578775,0.26310433541182576,3.5,0,1,1,0,0,0,0,0,1,0,0,1,0,1,0,-0.14481796353204685
C0497,24.0,브론즈,-0.5416197531420733,-0.4069406613924843,3.6,1,2,0,0,1,0,0,0,1,1,0,0,0,1,0,-0.41104652942883213
C0498,37.0,브론즈,-0.4349235153384544,-1.0769856581967945,4.1,0,2,0,0,0,0,1,1,0,0,0,1,0,0,1,0.10800371021657648
C0499,66.0,골드,0.06953612917903282,-0.4069406613924843,4.4,0,1,0,1,0,0,0,0,1,0,1,0,0,1,0,0.12520359294943617
C0500,43.19565217391305,실버,-0.25997628203670103,-1.0769856581967945,4.3,1,3,0,0,0,0,1,0,1,0,0,1,0,0,1,0.41501368257093996
